year,AUC,Count
2021,0.7074839918913701,1414
2022,0.7079877193849053,1491
2023,0.7445788462950297,1457
2024,,1386
