year,AUC,Count
2021,0.5546757417828041,1414
2022,0.5250454563600797,1491
2023,0.562489126734995,1457
2024,,1386
