year,D1,D2,D3,D4,D5,D6,D7,D8,D9,D10,portfolio_return
2023,0.5225072350145498,0.6834598580457585,1.7371346081246366,2.468282639477763,5.336049178607787,3.2631288441413795,2.187534121514684,4.934320508837393,0.774357119804774,0.919068059700502,2.6099365272030264
2024,4.59110761985138,6.823602418173036,4.750541695576739,3.7744602405405265,4.064164474917565,4.586458136889269,2.9255196555161644,4.973091085127556,3.5710280977957205,0.9192409979617094,2.3674610727957828
